{"xooxxoxox":1.0," xxooxoxo":0.34999999403953552,"xoxoxox o":1.0,"oxoxoxo x":0.0,"       ox":0.5,"       xo":0.5,"     oxox":0.5,"     xoxo":0.45499999642372124,"   oxoxox":0.7550000083446502,"  xoxoxox":1.0,"   xoxoxo":0.2449999916553498,"  o xoxox":0.65000000596046448,"x o xoxox":1.0,"  x oxoxo":0.34999999403953552," o  xoxox":0.65000000596046448," ox xoxox":1.0," x  oxoxo":0.34999999403953552,"o   xoxox":0.65000000596046448,"o x xoxox":1.0,"x   oxoxo":0.34999999403953552,"ooxxooxxx":1.0,"xxooxxoo ":0.34999999403953552," oxo    x":0.5," oxo o xx":0.34999999403953552,"o       x":0.5,"o o    xx":0.34999999403953552,"    o xox":0.5,"    x oxo":0.65000000596046448," x  xooxo":1.0," o  oxxox":0.0}